sea_bay,river,population,otolith_number,PC1,PC2,PC3,PC4,PC5,PC6,PC7,PC8,PC9,PC10,PC11,PC12,PC13,PC14
taui_bay,arman,arman,8r,0.02401521,0.06358957,0.03074437,0.0169232,-0.04813595,0.04586864,0.01088308,-0.005910575,0.00682771,0.0203857,-0.006647097,-0.001883478,0.008043328,0.01390632
taui_bay,arman,arman,14r,0.03460199,0.02431899,0.0355073,0.01367219,0.03178554,0.02220304,-0.03526665,-0.04420615,0.01277999,0.01232717,-0.009934669,0.005866489,-0.002470639,-0.001733004
taui_bay,arman,arman,15r,0.001893483,-0.01158819,-0.02611517,0.01331467,-0.01065071,0.01388233,-0.03150912,-0.009577234,-0.001988069,-0.01052444,0.004507519,-0.008029725,-0.005519064,-0.005668183
taui_bay,arman,arman,16r,0.02036154,-0.02976492,-0.03025313,0.01171729,-0.006554204,-0.009006254,-0.003322024,0.006584391,0.007237841,0.02663669,0.001097765,-0.0002375689,0.01449091,-0.007027111
taui_bay,arman,arman,22r,-0.1361161,0.01981588,-0.03787058,-0.06920098,0.06877268,-0.01337106,-0.02009457,-0.003030149,-0.006566381,0.00978974,0.02166465,0.02138027,-0.00516753,-0.00595579
taui_bay,arman,arman,25r,0.00866896,0.002648891,-0.02725042,-0.00875975,0.002133319,0.005342939,0.0154064,0.02940387,0.003381215,-0.007802582,-0.001094831,0.01079646,-0.01633083,-0.01234716
taui_bay,arman,arman,27r,-0.06032818,-0.001418432,-0.035658,0.001372626,-0.02596676,-0.02786402,0.002940263,-0.004213174,-0.009971792,0.001822337,0.006900037,-0.004402834,0.02451459,-0.01994888
taui_bay,arman,arman,28r,0.01885757,-0.005890111,-0.02344685,0.006931108,-0.009874649,0.005141672,0.0009670458,-0.00428163,0.01067604,-0.01822238,0.01652824,0.003608568,-0.006831937,-0.01017039
taui_bay,arman,arman,31r,-0.05668518,0.05995604,-0.01049672,-0.01205109,-0.04696961,0.005993193,-0.002210468,0.0004090967,0.02491262,0.001787052,0.001565149,-0.01148927,0.02202161,0.01855301
taui_bay,arman,arman,33r,0.08608393,0.01429388,-0.006558255,0.004085175,0.003300704,-0.02435625,-0.01365643,0.006117113,-0.008633213,0.0005113268,0.01410761,-0.01266297,-0.001624268,0.01288728
taui_bay,arman,arman,35r,-0.06295351,-0.01263688,-0.0333615,0.01606241,-0.02228951,0.0137565,0.003215187,0.01384582,-0.004014052,-0.03962982,-0.0286397,-0.001549998,-0.01713068,-0.02782362
taui_bay,arman,arman,38r,-0.05074761,-0.01865736,-0.01975079,-0.002764736,-0.00286395,-0.005823679,-0.01153723,0.007981699,0.0007599314,-0.002260802,0.0198072,0.001646045,-0.004773439,0.01957858
taui_bay,arman,arman,42r,-0.006438642,-0.06387921,-0.04081755,-0.01982044,0.0155445,0.04790612,0.005646622,0.01746027,0.001852809,0.01528688,-0.01255877,-0.012419,-0.004947127,-0.01194655
taui_bay,arman,arman,46r,-0.04937353,0.02095283,-0.0001188982,0.002583935,-0.03508566,-0.00500357,-0.008081483,-0.002205866,0.007754821,-0.006479992,0.01004529,-0.004211675,0.01112129,0.0123488
taui_bay,arman,arman,47r,0.001342246,-0.01186981,-0.02171233,-0.004730889,-0.0276652,-0.0349491,-0.007112936,-0.01763884,0.002240842,-0.01452521,0.01875598,-0.002958938,0.007874802,-0.01261315
taui_bay,arman,arman,58r,0.007188639,-0.029181,-0.02711725,0.02143956,0.0007694931,-0.007776442,0.007655084,-0.0094278,0.002879095,0.008665294,0.0170493,-0.02238076,0.01205225,0.006414776
taui_bay,arman,arman,60r,0.01197694,-0.00692674,-0.01078969,-0.03366854,-0.04925813,-0.001653559,-0.01652828,0.02874082,-0.02704983,0.0289098,0.01050953,0.03008972,0.007935908,0.009742615
taui_bay,arman,arman,62r,-0.06374766,-0.02878198,-0.0115936,0.01592094,0.02160351,-0.01397381,0.003943232,-0.007051735,0.0004543965,0.01626076,-0.006184133,0.0002468547,0.008822748,-0.003020758
taui_bay,arman,arman,64r,-0.04549602,-0.05360652,-0.02637092,0.004847313,0.01679383,0.01743235,-0.00146715,-0.008749948,-0.001887891,0.007146371,-0.009520818,-2.11254e-05,-0.008869106,0.0009402685
taui_bay,arman,arman,65r,0.01639878,-0.006636554,0.04933803,0.03127193,0.01878745,-0.01460505,0.003329624,-0.004299185,-0.01638362,0.003620611,1.756754e-05,0.00913971,-0.006619207,0.01166604
taui_bay,arman,arman,66r,0.01239458,-0.004366012,-0.02296098,0.01802932,0.01315875,0.002728723,0.02520918,-0.004512649,0.007384358,0.003953991,-0.000282192,-0.0009979627,0.008531214,-0.01010295
taui_bay,arman,arman,70r,-0.005184809,0.01683762,-0.06193566,-0.01365414,-0.02345428,0.01375494,-0.01119306,-0.01760569,-0.009424262,-0.004824638,-0.002569701,-0.008311707,6.808596e-05,0.001632446
taui_bay,arman,arman,72r,0.02503985,0.003176453,-0.002295738,0.00461028,-0.02225792,0.01416629,0.02112533,-0.04744193,0.01735574,0.00574989,0.01441669,0.00136701,0.01418649,0.006476814
taui_bay,arman,arman,73r,0.05311783,-0.02385563,0.006068333,0.02376201,-0.001066578,0.00885016,-0.000780179,-0.02525727,-0.006622482,-0.01045009,0.009765391,0.01569402,0.01326612,-0.007237736
taui_bay,arman,arman,76r,0.006030331,0.008824348,-0.03392296,-0.0007172798,0.03118833,-0.006015115,0.01771218,-7.479721e-05,-0.00723514,-0.007171348,-0.01247451,-0.004854068,-0.0004252739,0.006585226
taui_bay,arman,arman,80r,0.008488618,-0.02990514,-0.01043474,0.02296993,0.01477146,0.003955198,0.002058795,0.007467099,0.007696185,0.007542944,-0.006725066,-0.0009814409,-0.01285151,0.0009245618
taui_bay,arman,arman,85r,-0.05834047,-0.01374107,0.01998387,-0.0110742,0.009918526,-0.02852982,0.01254517,-0.004027067,-0.02714868,0.02033134,0.003768729,0.001358227,0.007361674,-0.001776896
taui_bay,arman,arman,87r,-0.06070989,-0.02210301,0.04149902,-0.003534485,0.002001436,-0.01046599,0.02740089,0.0107818,-0.003504176,0.008384241,0.003074796,-0.002440475,-0.01284113,0.005459803
taui_bay,arman,arman,94r,-0.03205979,-0.01731432,0.008940883,0.01041697,-0.02161904,-0.01982926,-0.01046321,0.009248382,0.01354277,-0.006306315,0.007200401,-0.003987934,-0.004417394,-0.009161405
taui_bay,arman,arman,103r,0.1153905,-0.02922814,0.04003739,-0.04575462,0.02206599,0.01485473,0.003499409,0.02796264,0.02170204,0.002989872,-0.002996552,0.000285237,-0.01144315,0.01885347
shelikhova_bay,gizhiga,gizhiga,9r,0.07541506,0.007639534,0.008750444,-0.02567092,0.02007755,-0.005211129,0.01307029,0.02186311,-0.0004115721,-0.009543597,-0.00317786,-0.001622903,0.004145275,-0.003327213
shelikhova_bay,gizhiga,gizhiga,13r,0.04420958,0.0275695,-0.0342025,-0.03372421,0.01612576,-0.02998737,-0.02506505,-0.004791189,-0.007651985,-0.003591994,-0.03254626,-0.002368145,0.008538709,0.01983546
shelikhova_bay,gizhiga,gizhiga,15r,0.04703238,0.06061133,0.02484457,0.005433379,0.004139814,-0.001097417,-0.03378762,-0.01113747,-0.009147086,0.01013412,0.002265151,0.002093417,0.01074736,-0.001245568
shelikhova_bay,gizhiga,gizhiga,16r,0.05302743,0.003356049,-0.04461244,-0.01144065,0.01641895,-0.003907794,-0.004990977,0.01630469,-4.032525e-05,0.00845024,0.01541648,-0.0007097443,-0.004642825,0.005505592
shelikhova_bay,gizhiga,gizhiga,28r,-0.07450027,-0.04499672,0.007945234,-0.008412247,0.02390982,-0.009782595,-0.02034623,-0.03286937,0.005384657,0.01180423,0.007178581,0.001883456,0.01510153,0.008029043
shelikhova_bay,gizhiga,gizhiga,32r,-0.03664512,-0.03346429,-0.002090667,0.002063152,-0.02287288,-0.0002050371,0.006007445,-0.01053492,-0.00412845,-0.02315325,-0.02635585,0.02889088,0.009685622,-0.007781254
shelikhova_bay,gizhiga,gizhiga,33r,0.04034946,-0.05637855,0.01170227,0.02326713,0.0006248232,-0.0001448071,-0.01591712,0.01676125,0.00192046,0.01723934,-0.02999587,0.007490833,0.003098021,-0.006303375
shelikhova_bay,gizhiga,gizhiga,39r,0.004596306,0.05720735,-0.01369145,0.023453,-0.0144097,0.01624705,0.01242981,0.004563923,0.00776325,-0.01462301,-9.123018e-05,-0.004847505,0.00456534,0.01506248
shelikhova_bay,gizhiga,gizhiga,46r,0.0190599,0.001838459,-0.002955231,0.02403136,0.01075111,-0.02094178,-0.006358013,-0.0115786,0.01082862,-0.01566491,0.005176023,0.009318512,-0.008359775,-0.005444146
shelikhova_bay,gizhiga,gizhiga,47r,0.07008529,0.0001585194,-0.001846323,-0.007177252,0.01072468,-0.006259603,0.01291694,0.006803424,-0.004082343,-0.02107382,0.003749758,-0.01978174,0.001920733,0.001305405
shelikhova_bay,gizhiga,gizhiga,49r,-0.006513324,-0.03529558,0.0264124,0.03147679,0.04190853,-0.005398292,-0.0003936718,0.01136163,-0.02302707,0.006465539,-0.00106629,0.002976244,-0.02170419,-0.001856293
shelikhova_bay,gizhiga,gizhiga,52r,0.008882037,0.004389009,-0.0175793,-0.0058754,-0.02973595,-0.01007134,-0.003509617,-0.01895117,0.006496498,-0.008362588,-0.01494804,-0.001006298,-0.01692335,0.0007930066
shelikhova_bay,gizhiga,gizhiga,57r,-0.0105076,-0.06119349,-0.03146986,0.01755179,-0.01264953,-0.02066333,-0.02248628,0.002160057,-0.001582296,-0.00118799,-0.004614366,-0.007603295,-0.003219343,-0.002470006
shelikhova_bay,gizhiga,gizhiga,69r,-0.1313303,0.02023772,0.01825305,-0.03854898,-0.006675279,-0.02007444,0.02616199,0.007249908,0.008474209,-0.002531124,-0.001044936,-0.01935106,-0.004160837,-0.001840613
shelikhova_bay,gizhiga,gizhiga,74r,0.02606718,-0.02037399,-0.02367935,0.005717189,0.001905263,-0.002977792,0.02080609,0.01649335,0.01443275,-0.008623182,8.001134e-05,-0.003630739,-0.01319639,0.0001256554
shelikhova_bay,gizhiga,gizhiga,89r,-0.026614,-0.02266299,0.003016968,0.03371656,-0.01354016,-0.04805195,-0.01984994,0.01720503,-0.003489862,-0.01521131,0.001392125,-0.006321973,-0.008240995,0.000691658
shelikhova_bay,gizhiga,gizhiga,95r,-0.02412674,-0.05144477,0.03284506,-0.004220276,-0.01646479,-0.00759609,0.01221729,0.005703966,0.01475471,-0.0007344221,0.0006370378,-0.00195968,0.002768043,0.003151834
shelikhova_bay,gizhiga,gizhiga,98r,0.03839386,0.03644061,-0.006209813,-0.00881425,0.00602601,-0.02826613,-0.007628323,-0.01854121,0.01609011,-0.01297186,0.02874929,-0.001654375,-0.006748175,-0.01002427
shelikhova_bay,gizhiga,gizhiga,104r,0.04453798,-0.01048828,-0.008122184,-0.007416317,-0.003871121,-0.0119235,-0.01301426,0.005758327,0.008692126,-0.009221704,0.0276002,-0.007797211,-0.005885664,0.01641681
shelikhova_bay,gizhiga,gizhiga,106r,-0.01025467,0.03857768,0.02686352,-0.002191626,-0.005878703,-0.005791866,-0.01675539,0.009078814,-0.01434696,0.003274659,0.004257367,0.01207313,0.009313426,-0.008808935
shelikhova_bay,gizhiga,gizhiga,108r,0.004228867,0.01169174,-0.02722077,0.01795665,0.004135039,-0.02053901,-0.01095784,0.009162748,0.01049351,-0.0196791,-0.006063606,0.003273118,-0.002929419,0.004015199
shelikhova_bay,gizhiga,gizhiga,109r,0.05180898,0.01847906,-0.01521562,-0.003731637,-0.001554163,-0.03523656,-0.004765025,-0.02773546,0.02577042,-0.01743927,0.02677827,-0.007372199,-0.03167701,-0.01099493
shelikhova_bay,gizhiga,gizhiga,137r,0.00176704,-0.01344371,-0.006137363,-0.02637544,-0.004291931,-0.007877444,0.01807155,-0.009946,0.002080967,-0.01165989,-0.02661236,0.009787285,-0.004225892,0.008827307
shelikhova_bay,gizhiga,gizhiga,142r,0.03947994,-0.0334446,0.00468754,0.009730539,0.01033708,0.01406849,0.009478891,-0.005669887,0.006363429,0.005344986,0.01038392,-0.0144119,-0.006539659,0.01045948
shelikhova_bay,gizhiga,gizhiga,145r,-0.02601112,0.03538422,0.08332745,0.04414829,-0.03242265,0.03604455,-0.01057413,-0.04050047,-0.002241631,-0.01702948,-0.004774904,0.007480459,-0.02523156,-0.02037033
shelikhova_bay,gizhiga,gizhiga,148r,0.02847836,-0.03786585,0.02383935,0.04651749,-0.002360681,0.004874146,-0.01212704,0.01412062,0.01077566,7.211428e-05,0.002267934,-0.003831216,0.0052565,0.003406353
shelikhova_bay,gizhiga,gizhiga,150r,-0.01855939,0.06967112,0.01425983,0.007733828,-0.01673869,-0.01202465,-0.0234585,0.004460519,8.657753e-05,-0.006582565,-0.006652006,-0.009371008,-0.02362889,-0.006188352
shelikhova_bay,gizhiga,gizhiga,647r,0.02514884,-0.1123297,0.1412104,-0.105246,-0.03156097,0.009659185,0.01855742,0.01751852,0.07510286,0.02396125,-0.0103581,-0.004843269,-0.006473449,0.002378806
shelikhova_bay,gizhiga,gizhiga,735r,0.007313759,0.0184868,-0.005433028,0.01794524,0.01476031,0.008172317,-0.000327125,0.02556614,0.0002221146,0.003921472,0.002038467,-0.008229228,0.0003414268,-0.006749591
shelikhova_bay,gizhiga,gizhiga,786r,0.07073206,0.02132138,0.02010507,-0.02245341,-0.0111834,0.02415709,0.02252872,0.003072438,-0.04966634,-0.01442447,-0.001958673,0.0008678595,0.015659,-0.01736898
taui_bay,kulkuty,yama,3r,0.02467775,-0.02906207,-0.01151188,-0.002742469,-0.0009894626,-0.0306519,0.004208457,-0.01266035,-0.0117883,-0.002469619,-0.008809229,-0.004333617,0.01436559,0.006942083
taui_bay,kulkuty,yama,6r,0.07798149,0.02462281,0.03080505,0.01052489,-0.0182608,-0.005946261,0.008340996,0.01831501,0.00419167,0.008578293,0.0106828,-0.00222494,-0.01220155,-0.002977464
taui_bay,kulkuty,yama,11r,-0.08518786,-0.002454224,0.004927584,-0.02489909,0.01505345,0.01064109,0.007628861,0.01171408,-0.01293977,0.003388192,0.01222958,0.003012482,-0.009147453,0.01916467
taui_bay,kulkuty,yama,13r,0.05061542,0.01834328,-0.02354267,0.02394409,-0.02649792,0.001766671,-0.01915846,-0.01430768,-0.001398519,0.02139661,0.02050592,-0.02189015,0.001551291,-0.002222933
taui_bay,kulkuty,yama,19r,-0.05259028,0.01665846,0.005113773,-0.0088762,0.04582906,-0.005627689,-0.02052936,0.0177875,0.03752905,-0.009059685,-0.002873141,0.01418597,-0.01589237,-0.02911879
taui_bay,kulkuty,yama,20r,0.005259476,-0.05331197,0.03429016,-0.003364436,0.0002922231,0.005078135,0.02107029,0.03817406,-0.000671931,-0.005240701,0.006892496,-0.000789874,-0.01056208,0.003375673
taui_bay,kulkuty,yama,21r,-0.003082188,0.003048779,0.0167645,0.01357277,-0.01303799,0.01115132,-0.008086493,0.04720313,-0.006440792,-0.001290498,-0.009390782,0.008925483,-0.01071626,-0.003479381
taui_bay,kulkuty,yama,30r,0.08777298,0.005114174,0.01560213,0.01969515,0.008419048,0.002227127,0.01928999,0.01917817,0.006164202,0.01051497,-0.006648831,0.005918146,0.01332363,0.01227303
taui_bay,kulkuty,yama,38r,0.04763144,0.03962062,0.03022799,0.01695295,0.02861325,-0.00320271,0.01513141,-0.01092976,0.0123946,0.01602359,-0.01164084,0.009442247,-0.007794989,0.01002608
taui_bay,kulkuty,yama,40r,0.04406094,0.009737589,-0.0185388,-0.008830126,0.006063901,0.01205774,-0.01923751,0.0008537284,0.008384225,0.0007092226,0.003835338,0.004861656,0.001736374,0.009857399
taui_bay,kulkuty,yama,49r,0.04690117,0.06530444,-0.02501729,-0.01078262,0.004589478,-0.01533017,0.01687584,0.01299987,-0.01192658,0.004390639,-0.01407805,0.01678535,0.009685947,7.193271e-05
taui_bay,kulkuty,yama,51r,0.0463116,0.03762077,-0.06000826,-0.03256291,0.02385294,-0.05754558,0.01518346,-0.01314627,0.006084377,-0.01787156,-0.009386335,-0.001630667,-0.02956184,-0.01050157
taui_bay,kulkuty,yama,56r,0.1004501,0.03748576,-0.02774098,-0.004012416,-0.009950699,-0.03961972,0.02063691,0.05643304,-0.005115537,0.01747236,0.01574674,0.007585772,-0.002235957,0.002057363
taui_bay,kulkuty,yama,57r,0.01221904,0.005141836,-0.004928118,0.01563507,-0.04406973,-0.02128708,-0.03021172,0.0007819977,0.007351885,0.008581907,0.002165858,-0.008632637,-0.003692661,0.008496862
taui_bay,kulkuty,yama,61r,0.008953495,-0.05892345,-0.01801988,0.02852345,-0.02502413,-0.01018827,-0.01816512,-0.03032244,0.01111617,-0.003427071,-0.004695388,-0.009349746,0.007490134,-0.004741465
taui_bay,kulkuty,yama,63r,-0.02795324,0.1079623,-0.001353696,-0.01843741,-0.03537974,0.02871602,-0.002149936,-0.02428359,-0.0214672,0.02164755,0.02635271,0.03887589,-0.02355313,0.005310566
taui_bay,kulkuty,yama,65r,0.02525389,-0.01479655,0.04444643,-0.05166599,0.06346182,0.02379306,-0.04689348,0.02056185,0.04650118,-0.04828025,-0.01171677,0.006905962,0.01995183,-0.01959561
taui_bay,kulkuty,yama,72r,-0.007137795,-0.01371232,0.01828726,-0.03529521,-0.01255528,0.02886316,0.002322294,0.009288651,0.01714182,0.003623184,-0.009131493,0.0145677,0.009086943,0.01726051
taui_bay,kulkuty,yama,76r,-0.0234531,0.07443537,0.05880063,-0.03663417,-0.04383437,-0.05554806,-0.04005106,0.0003778547,0.04354223,0.04772251,-0.03022777,0.0001991825,-0.003484132,-0.04947159
taui_bay,kulkuty,yama,84r,0.02324113,0.01662191,0.004478976,0.009736445,0.001119264,0.03196652,0.01065472,0.009205292,0.009107277,-0.00214838,-0.002621227,0.01489713,0.004432662,-0.01730874
taui_bay,kulkuty,yama,89r,-0.04276485,-0.03228475,0.02537722,-0.001792721,-0.01580644,0.01822811,-0.006134282,0.01895157,0.02368085,-0.02258776,0.02103003,0.01952049,0.004031776,0.01974439
taui_bay,kulkuty,yama,99r,0.05183026,-0.03565615,-0.02980843,-0.02370037,-0.001360571,0.01330504,-0.007816603,0.005701513,-0.01010424,0.01096986,0.02213083,-0.004648171,-0.02113463,0.005907996
taui_bay,kulkuty,yama,128r,0.01631733,-0.02598319,0.01645116,0.002132311,0.02432855,-0.01706074,-0.02024648,-0.01278347,-0.01082115,-0.01348363,0.0090039,-0.0004885483,-0.001362725,-0.002239201
taui_bay,kulkuty,yama,134r,-0.150625,0.0198612,0.01158377,-0.06503014,-0.01506059,-0.03189677,-0.007054351,-0.008670899,-0.001706044,0.00410713,0.01139534,-0.01571408,-0.0040296,0.01968477
taui_bay,kulkuty,yama,135r,-0.03162745,-0.03933814,-0.02418786,0.03077982,0.0189187,-0.007578097,0.006973552,-0.001358064,0.007448199,-0.00657027,0.0005797816,0.005001075,-0.00407483,-0.00519905
taui_bay,kulkuty,yama,140r,0.06393425,-0.01786311,-0.01132922,-0.01862218,-0.007942232,0.02061944,0.02086234,0.009944775,-0.005731078,0.01054566,0.02847479,0.006287155,0.0021305,-0.001136062
taui_bay,kulkuty,yama,157r,0.001409015,-0.004282273,-0.09777295,-0.04023605,-0.0367032,-0.01169946,-0.0001934567,0.01446714,0.01375885,-0.01198153,-0.0009945069,-0.007809889,0.002814532,-0.002664397
taui_bay,kulkuty,yama,168r,-0.06426844,0.04835096,0.0003252479,-0.01530489,-0.02951038,-0.01064859,0.02205799,0.008074601,0.002029079,-0.0100015,-0.0009316316,0.00191168,0.0002694317,0.01282827
taui_bay,kulkuty,yama,176r,-0.01010304,-0.03122168,-0.03960782,0.02282233,0.01888628,0.01386174,-0.008810526,0.005102636,-0.01064892,-0.009542796,-0.00139331,0.002037679,-0.011733,0.007870535
taui_bay,kulkuty,yama,178r,0.009558665,-0.01025925,0.08332094,-0.02143591,0.007163606,0.03861745,-0.02327099,0.01862812,0.001575101,-0.01124435,0.0203623,-0.002697091,0.008418186,-0.006246122
shelikhova_bay,nayakhan,nayakhan,1r,0.02026859,0.06777741,0.03963502,0.02657848,0.02152978,-0.01572555,0.01287762,-0.009597347,-0.001378176,-0.01096624,8.234797e-05,0.009883839,-0.004928117,-0.01247002
shelikhova_bay,nayakhan,nayakhan,3r,0.02852289,-0.05186651,0.005457474,0.02883077,0.01066839,0.01392076,-0.01800374,-0.00128588,0.005024061,-0.0142079,-0.003935796,-0.0005239871,0.001982878,0.0002825804
shelikhova_bay,nayakhan,nayakhan,7r,0.0418516,0.01277657,-0.02335634,0.01898674,-0.01890363,0.01309847,-0.02228384,-0.00909124,-0.007258075,0.004944604,-0.005514046,-0.004615645,0.007825078,0.01263248
shelikhova_bay,nayakhan,nayakhan,9r,0.06138569,-0.006246641,0.03009438,-0.0280875,0.01109159,-0.0183178,0.02670881,-0.02439353,-0.003563152,-0.01015864,-0.01658447,0.003718305,0.01174866,-0.01559559
shelikhova_bay,nayakhan,nayakhan,11r,0.04773466,0.01757895,0.006496773,-0.004854764,0.003546453,-0.01423457,0.04445766,0.01025394,0.02210307,0.01971149,0.000487347,0.004395862,-0.01014316,-0.007912701
shelikhova_bay,nayakhan,nayakhan,14r,-0.03215698,0.03206136,0.03820932,0.0115462,0.0343298,-0.03041508,0.01773174,-0.02445362,0.003518676,0.008754487,0.004323474,-0.01533055,0.003022076,0.0117347
shelikhova_bay,nayakhan,nayakhan,15r,-0.07408445,0.02855688,0.02433021,0.001275301,-0.01187582,0.0009711275,-0.004251164,-0.02631769,0.01482348,0.01534007,0.01764922,-0.02286853,0.0007084938,0.001502522
shelikhova_bay,nayakhan,nayakhan,16r,-0.004929686,-0.009889692,-0.01211855,0.0007192145,0.03181419,0.01117147,0.0001633738,-0.02988068,0.01695325,0.0005518979,0.01245274,0.002483705,-0.01323117,0.01105384
shelikhova_bay,nayakhan,nayakhan,21r,0.06170196,0.03314462,-0.001878164,-0.01343966,0.02113652,0.01059792,0.01079665,0.02656574,-0.01532569,-0.0147161,-0.004806241,0.001992149,0.009172804,-0.005612145
shelikhova_bay,nayakhan,nayakhan,23r,-0.0309619,0.005848559,0.01944885,-0.005058426,0.006247006,0.007837509,0.01223425,-0.02954188,0.008669078,0.003064073,-0.00672529,-0.006157133,-0.0007568481,0.02176803
shelikhova_bay,nayakhan,nayakhan,24r,-0.03015356,0.02464136,0.003019234,0.01236397,-0.02784128,-0.03452983,0.01061208,-0.005543331,0.00906304,-0.006075567,-0.01436289,-0.000482555,0.001812506,0.01181423
shelikhova_bay,nayakhan,nayakhan,25r,0.01830966,0.07622304,0.03711979,-0.01000713,0.04948602,0.004233255,-0.0913019,0.04113637,0.04772048,-0.01265371,-0.005170627,-0.008686801,0.03027517,0.003725237
shelikhova_bay,nayakhan,nayakhan,27r,0.02007077,0.001657507,0.0356178,0.02425724,-0.001545063,-0.02367455,-0.005898798,-0.02096616,0.0002875203,-0.01467554,-3.970858e-05,0.02138917,0.003456692,-0.001798082
shelikhova_bay,nayakhan,nayakhan,31r,0.008834923,-0.02359783,-0.03425797,-0.004708651,-0.01228483,0.025346,-0.008458296,-0.007015866,-0.005745202,-0.02034441,0.008607793,0.005827704,-0.01025506,-0.003762539
shelikhova_bay,nayakhan,nayakhan,33r,0.02860871,0.003449278,0.08074262,-0.02778594,0.08847395,0.006342992,-0.04954699,-0.005079659,0.02465137,0.01533824,0.009301333,0.0111338,0.02679751,-0.002815556
shelikhova_bay,nayakhan,nayakhan,35r,0.05392901,0.0003974125,-0.002293288,0.01447659,0.02789575,0.0002921779,-0.01939825,0.003020428,0.02424152,-0.004360251,-0.01529761,0.009388261,0.01120977,0.004880976
shelikhova_bay,nayakhan,nayakhan,39r,0.02358352,0.02440197,0.01516068,0.02512012,0.01423376,0.001234972,0.03822933,-0.0008967892,-0.002517454,0.01907091,-0.006746871,0.0008298189,0.02080937,-0.008831381
shelikhova_bay,nayakhan,nayakhan,42r,-0.03700038,0.005159524,0.02032428,0.01420557,-0.005898545,0.001917608,0.03422333,0.02289868,0.006644513,0.02834482,-0.005316179,-0.002286845,0.01959178,-0.01332418
shelikhova_bay,nayakhan,nayakhan,46r,0.005019776,0.008149064,0.02950499,0.0530737,-0.004441795,0.001887733,-0.02665736,-0.004822764,0.005773711,-0.01399251,-0.01408171,0.01862491,-0.004581367,0.002897527
shelikhova_bay,nayakhan,nayakhan,49r,-0.00888416,0.0023816,0.04234914,0.01298445,-0.0006900103,-0.01855832,0.0363461,0.0009660679,-0.004699197,-0.004884963,0.01727504,0.0158917,-0.003305693,0.009260287
shelikhova_bay,nayakhan,nayakhan,104r,-0.01984272,-0.07747359,0.0006942007,0.007259363,-0.0127135,0.002295891,-0.02172968,0.01514083,-0.008668355,-0.008416623,-0.01796417,-0.003972977,0.008123774,0.006550135
shelikhova_bay,nayakhan,nayakhan,106r,-0.01467208,0.04390454,0.00445514,-0.003080457,0.01417864,-0.01738169,-0.03721767,0.02563674,-0.008096139,-0.006988386,-0.001185309,-0.0003128765,0.01232036,-0.0055772
shelikhova_bay,nayakhan,nayakhan,128r,0.1130376,0.0215355,0.08973951,0.01181112,0.0260969,0.001274841,-0.01097711,-0.009595156,-0.006123367,-0.001141684,-0.03786115,-0.01529761,-0.01367473,0.01177558
shelikhova_bay,nayakhan,nayakhan,140r,-0.01611877,0.03847015,-0.01506886,0.0291325,-0.0130677,0.02673068,-0.04828534,0.01379193,-0.003427442,0.006500845,-0.01513938,-0.00587986,-0.008641041,0.01366603
shelikhova_bay,nayakhan,nayakhan,143r,0.05281328,0.04380459,-0.01603329,0.007649475,0.01179182,-0.008983916,0.004060519,-0.005145895,-0.005178739,-0.007458522,-0.001826177,-0.006324476,-0.005695471,0.002231042
shelikhova_bay,nayakhan,nayakhan,147r,0.01375916,-0.01659392,0.009795541,0.0310422,-0.003758809,0.006698233,-0.003149692,0.02507785,0.003622688,0.003390644,-0.00462784,0.003004011,0.002344384,-0.009616821
shelikhova_bay,nayakhan,nayakhan,752r,-0.02552496,0.02550943,-0.04378767,0.0007315183,-0.01662864,-0.02046623,-0.00378222,0.007478513,0.0009373209,0.001326852,0.00817263,-0.01237187,0.003552789,0.01640119
shelikhova_bay,nayakhan,nayakhan,757r,-0.008837539,-0.01816696,-0.06230629,-0.002553738,0.009086048,-0.006640633,-0.001430154,-0.00841538,-0.02131196,0.01014969,-0.004593831,0.01089748,0.01364838,0.006274463
shelikhova_bay,nayakhan,nayakhan,776r,-0.06161052,-0.01461264,0.0008431102,-0.01204773,0.03495544,0.01288317,-0.0283467,-0.02215498,0.01161914,0.01239111,-0.006804109,0.0118511,-0.003919316,0.01677249
shelikhova_bay,nayakhan,nayakhan,786r,-0.05444612,0.02825149,0.01598558,0.02689538,-0.01076375,-0.01480729,-0.001974526,0.01414965,0.003234903,-0.01599361,-0.006791354,0.01467496,-0.006293464,0.002441312
taui_bay,ola,ola,2r,-0.0460673,-0.02733343,-0.02917462,0.01038428,0.01558232,0.032158,0.02386747,0.007182014,0.01404432,-0.01668499,0.002321288,0.003026825,0.0006419791,-0.01340215
taui_bay,ola,ola,6r,-0.005024906,-0.002693234,-0.00929945,0.01503391,0.01921766,-0.0006027783,0.007043568,-0.01788447,0.006210616,0.008941647,-0.002966945,-0.00647087,-0.02139942,0.003967073
taui_bay,ola,ola,7r,0.02592983,-0.02077538,-0.03311941,0.004401407,0.01176025,0.01216632,-0.004769842,0.003245649,0.003585889,0.008129907,0.007968019,-0.01140348,-0.006059876,-0.0009608037
taui_bay,ola,ola,9r,0.003138713,-0.02879484,-0.006200104,-0.003421181,-0.01952382,0.002069346,-0.004939444,0.009514364,0.007925114,-0.002370467,-0.00906024,0.01000021,0.02053268,0.005104391
taui_bay,ola,ola,14r,-0.01898202,-0.009288953,-0.05315856,-0.03080302,-0.0263048,-0.002590906,-0.02171357,-0.009225675,0.003912453,-0.01481035,0.003380873,-0.00335022,-0.002736106,-0.0003164303
taui_bay,ola,ola,16r,-0.09137905,0.03600658,-0.01221529,-0.007281828,-0.01050919,0.003235288,0.005993436,0.01652724,-0.003006727,-0.01969589,-0.001504225,0.009326821,0.009125492,-0.002141869
taui_bay,ola,ola,22r,-0.01631939,0.01985797,-0.01486986,0.009114506,-0.02486398,0.02697364,-0.01313452,0.0006351939,0.003460219,0.003395559,0.009564406,-0.007964415,0.00380902,0.0006102227
taui_bay,ola,ola,35r,-0.07619024,-0.01241859,-0.01112564,-0.04130572,0.02645555,-0.01990018,-0.005638238,0.0183674,0.01252237,-0.004585069,-0.01132032,-0.00562128,-0.006670048,0.006421077
taui_bay,ola,ola,36r,-0.02857665,-0.04813912,-0.02491134,0.004538111,-0.002534467,-0.01285984,-0.01399857,0.000645314,0.006515555,-0.0117932,0.01477656,-0.00209758,0.001809943,0.003285167
taui_bay,ola,ola,39r,-0.08213711,0.09871391,0.0109334,-0.004853572,0.004743741,-0.01141314,0.0135847,0.007605366,-0.007999882,-0.003493505,-0.0007301477,-0.008581608,0.003184946,0.004271193
taui_bay,ola,ola,40r,-0.00382713,0.002291829,0.003744722,-0.01662345,0.03958931,-0.01492067,-0.01095719,0.02104473,-0.01554588,-0.002030003,0.00427782,-0.009691336,0.01280109,-0.002127546
taui_bay,ola,ola,45r,-0.009979087,-0.0381043,0.03597663,0.005070224,-0.01842272,-0.002888003,0.006105927,-0.02274647,-0.01628751,-0.006113479,0.01359645,0.01757842,-0.00144249,-0.01340603
taui_bay,ola,ola,46r,0.01584148,0.03405795,-0.01997051,-0.001406206,-0.02057535,0.04412546,-0.004938283,0.01238094,0.0009534621,-0.00686451,0.002691108,0.005508932,-0.02558125,0.007048403
taui_bay,ola,ola,48r,0.05883027,-0.06573603,0.02417941,-0.02368389,-0.04022862,-0.01476723,-0.008937089,-0.03252165,-0.023353,0.02025018,0.02083508,0.02782291,0.01757902,-0.01129509
taui_bay,ola,ola,55r,-0.03891631,0.05324522,0.02671365,0.01376256,-0.03354948,0.03580822,0.003192147,-0.005228222,-0.006773586,-0.01182607,-0.008821945,0.009439079,0.005595032,0.007036887
taui_bay,ola,ola,57r,0.07822269,0.004854968,-0.01838818,-1.041098e-05,0.00511418,0.03293414,-0.00413354,-0.005718471,-0.003797271,0.0111452,0.01578462,-0.005456605,0.00559013,-0.005039013
taui_bay,ola,ola,59r,0.05824897,0.03321651,-0.02240669,0.004753728,-0.0005373664,-0.0007321816,0.0034793,-0.01143874,0.01183277,-0.008004581,0.01541285,0.001922902,-0.002867855,-0.000682015
taui_bay,ola,ola,60r,0.02201821,-0.05040733,-0.01720431,-0.004173591,-0.0206378,0.007122121,0.006620835,-0.02449303,0.01529925,0.01558965,-0.00917934,0.006258237,0.003306603,0.006194742
taui_bay,ola,ola,70r,0.02459613,-0.03784856,-0.009632132,0.01159673,-0.009879523,-0.0005910856,-0.003567545,-0.01040488,-0.004307469,-0.00536527,0.002529091,-0.00524444,0.01065788,-0.004263711
taui_bay,ola,ola,71r,-0.0672366,-0.04503301,-0.05063647,-0.0346431,0.02691772,0.04866332,-0.02572309,-0.004434029,-0.03695478,0.01660824,-0.01063229,0.03268261,0.01670806,0.003399422
taui_bay,ola,ola,74r,0.03682196,0.02711621,-0.05295295,0.01814085,-0.002385201,0.01555815,-0.007022858,-0.006749597,0.001509001,-0.0001002286,-0.01430759,-0.002688432,0.001647955,0.005152742
taui_bay,ola,ola,76r,-0.03870502,-0.06218583,-0.01961655,-0.006612151,-0.03122282,-0.03868074,-0.0149754,0.02700281,-0.01396442,0.004449372,0.005470319,0.01367059,-0.01407768,-0.002652501
taui_bay,ola,ola,84r,0.0134583,0.004741127,-0.06612976,-0.02473366,-0.01252688,0.01287799,0.006679106,-0.008691704,0.01523137,-0.0142967,0.0008329981,-0.008751171,-0.003347937,-0.002545663
taui_bay,ola,ola,85r,0.1134428,0.02032873,-0.002640053,-0.04933326,0.03761618,-0.02301286,0.001030815,0.006307163,-0.02135857,-0.008750568,0.001986668,-0.008302554,0.006425652,0.01882745
taui_bay,ola,ola,88r,-0.0515971,-0.002457033,-0.0131613,-0.002566532,0.01083497,-0.02086156,0.01715482,-0.0009592882,-0.008262565,-0.003051427,0.0003340856,0.01093112,-0.003516623,0.00476947
taui_bay,ola,ola,89r,-0.01064882,0.0170349,-0.03639863,-0.01781593,-0.02461516,0.007005305,0.005545744,-0.005591067,0.01401521,-0.009590462,0.00179121,-0.02064952,-0.003886408,-0.01766527
taui_bay,ola,ola,90r,0.0125253,0.004961478,-0.03295705,-0.001190122,0.00893079,-0.01837153,0.02700082,0.007307522,0.003217442,0.002342667,0.0002802441,-0.004486993,-0.006936487,-0.01530634
taui_bay,ola,ola,97r,0.03435732,0.001727326,0.01451156,0.01434488,0.01394753,-0.02438973,0.008761441,-0.02674969,0.01025575,-0.009401671,0.006987176,0.005598714,-0.001797567,0.0001693176
taui_bay,ola,ola,100r,-0.04528657,0.04894509,0.01190293,-0.008254231,0.01267979,0.03059496,0.03459346,-0.005090251,0.01121062,-0.002343731,0.0006882956,-0.009906196,0.01824407,0.01045218
taui_bay,ola,ola,201r,0.01648122,0.04501093,-0.01058123,-0.009904103,-0.02377965,0.01161593,0.0009752077,-0.00687657,0.003571787,-0.01843276,-0.008928089,0.0229849,-0.0117523,0.0185079
taui_bay,taui,taui,2r,-0.05540327,-0.04902908,0.002093239,0.01951704,0.002610024,-0.01114351,-0.02839357,0.02370603,-0.003117106,-0.008647919,0.01221386,-0.01195053,0.01017591,0.004245177
taui_bay,taui,taui,4r,0.006040437,-0.03462205,-0.00695167,0.009263075,-0.02545619,-0.03904622,0.01159791,-0.01444455,0.02284315,0.002391765,-0.01334547,0.01078856,0.006511636,0.0003593512
taui_bay,taui,taui,5r,-0.06714868,-0.01476888,0.0190015,0.01472194,-0.006636783,0.02778675,0.03083478,-0.009742974,0.009937265,-0.01614619,0.003869563,-0.01250461,0.01297099,0.001236374
taui_bay,taui,taui,7r,0.06156336,0.07045659,-0.05308638,-0.05267046,-0.01646552,0.03226668,0.002919565,0.01728588,-0.03347684,0.01685897,-0.02903457,-0.01594915,-0.003263407,0.001013798
taui_bay,taui,taui,9r,-0.05430802,-0.02964255,-0.04232946,-0.02766884,0.03958094,0.01020351,-0.01695399,0.005431883,0.008265684,0.007128022,-0.02213843,0.01524514,-0.009288522,0.01039863
taui_bay,taui,taui,10r,-0.03328223,-0.02832221,-0.01289905,-0.005721195,0.0211526,0.004803239,-0.006326986,-0.007420475,-0.00590576,0.02110306,0.0005229636,-0.009038348,0.004314357,-0.0009142515
taui_bay,taui,taui,11r,-0.02312788,-0.005162878,0.0114987,-0.01545935,0.04149759,0.02162668,0.02751078,-0.0115713,-0.003264461,0.04184134,0.02733357,-0.03535127,-0.01399542,-0.01355938
taui_bay,taui,taui,12r,-0.04685131,-0.0446518,-0.004373765,-0.0009999613,0.0244838,0.0138452,0.03178538,-0.02184313,0.008126525,0.0168075,-0.02566457,0.006746796,-0.01307207,2.291207e-06
taui_bay,taui,taui,14r,-0.02647636,-0.05437308,0.0194425,0.0006910004,-0.009649118,-0.01719224,0.01425395,0.004155562,0.004059178,0.01869276,0.0005175657,-0.02458035,-0.006965457,0.00382353
taui_bay,taui,taui,15r,0.01017819,-0.004960825,-0.0779866,0.0001435799,0.01229145,0.008220446,0.007555033,-0.02806384,0.009606159,0.01673515,-0.003586896,-0.01266144,0.01558883,-0.02154611
taui_bay,taui,taui,16r,-0.06212044,-0.08497524,-0.01578587,-0.01350404,-0.004960848,0.07423655,-0.02802773,-0.008304841,-0.0292175,0.02501178,0.0004820693,-0.01112065,0.005227153,-0.02481089
taui_bay,taui,taui,17r,-0.04451737,0.03760713,0.001817653,0.01813006,0.009864017,-0.01792079,0.006569578,-0.004859734,-0.002921496,-0.004901843,0.004744382,-0.02134507,0.007829082,0.0003461548
taui_bay,taui,taui,18r,0.005936303,0.01557767,-0.009232634,0.01694518,-0.0023845,0.04142091,0.008601044,-0.006787764,0.005952101,-0.005730892,0.01626681,-0.004607475,0.02553104,-0.019602
taui_bay,taui,taui,21r,0.03733284,-0.0193204,-0.03141618,0.001116094,0.01778194,0.008356714,-0.006540454,-0.002032028,-0.004264486,-0.004780671,0.006315209,4.36611e-05,-0.001189214,-0.009678642
taui_bay,taui,taui,22r,0.003796928,-0.03685934,-0.02186645,-0.008400534,0.03544451,-0.02025382,-0.014687,0.01535126,-0.01432621,0.008346429,-0.004006189,0.01332395,-0.01032042,-0.01515335
taui_bay,taui,taui,23r,-0.04124079,-0.03241203,-0.00404899,0.01201214,-0.01796568,-0.0143311,-0.01158366,0.0368959,-0.01310479,0.01305361,0.005298457,-0.00106675,0.01214941,0.004536868
taui_bay,taui,taui,26r,-0.01941654,0.0177529,-0.01352085,-0.004069572,-0.03346104,-0.004630692,0.006922368,-0.01508261,0.005714617,-0.01963833,-0.004628564,0.01401931,0.01358464,0.01803871
taui_bay,taui,taui,28r,0.000912484,-0.0196592,-0.03097592,0.01191878,0.005190812,0.02334371,0.008773272,-0.01938303,0.01872633,-0.001825337,-0.005158069,-0.004208112,-0.008209745,0.0143391
taui_bay,taui,taui,30r,0.08795245,0.01551573,-0.020324,0.005621438,0.01936375,0.01525791,0.008794227,-0.003731778,0.03015251,0.01920007,0.004060615,-0.002796404,0.01691686,0.00355393
taui_bay,taui,taui,31r,0.00538076,-0.0278057,-0.02246611,0.03184535,0.01808502,-0.02812544,-0.02286698,0.00135189,-0.01221146,-0.00191218,0.01315485,-0.001885907,-0.007709518,-0.007145998
taui_bay,taui,taui,33r,-0.03474502,0.03032583,-0.03828327,0.008299347,-0.006358348,0.007942564,0.01660876,0.02203329,0.01143682,0.01680958,0.01161844,-0.01702068,0.01691321,0.005244014
taui_bay,taui,taui,35r,0.005995152,0.03738328,-0.02096251,0.002137403,0.0002276474,0.05761229,0.01227148,0.02631536,-0.002137968,0.003985439,0.0008341771,0.01251082,0.003425383,-0.01317992
taui_bay,taui,taui,36r,0.02657703,-0.05576524,0.01539519,0.03000642,0.02402849,0.02835076,-0.002313164,-0.01620734,0.006767628,0.01736973,0.004662136,0.003762817,-0.01836172,0.00250536
taui_bay,taui,taui,37r,-0.06342557,0.02439647,-0.0004918622,-0.0294444,0.03242416,0.006259062,0.02591956,0.001458687,-0.001732625,-0.005614817,-0.003161913,-0.000140978,0.01013308,0.02399653
taui_bay,taui,taui,38r,-0.04595707,-0.0227388,-0.04421838,-0.02013629,0.00438819,0.01050708,0.01965346,0.02737029,-0.0107558,-0.01646158,0.01866569,0.008122522,0.007428755,-0.003876668
taui_bay,taui,taui,40r,0.002002514,-0.04812746,-0.03839239,-0.01078705,-0.01835991,0.01214315,0.01067563,-0.01294978,0.01160781,-0.02125343,-0.008519387,0.006774999,0.003338486,-0.003698354
taui_bay,taui,taui,42r,-0.03006394,0.07645731,0.02764933,0.02021608,-0.04514591,-0.008908909,-0.02866392,0.003776489,-0.01408966,0.03646275,-0.01291999,-0.009091253,-0.03375286,-0.02332576
taui_bay,taui,taui,43r,-0.000789576,-0.0275665,0.02174756,-0.01390765,0.01804462,0.03377945,0.03674117,0.00214772,-0.001225474,-0.004507033,0.01897841,-0.01861277,-0.009941794,-0.007986837
taui_bay,taui,taui,46r,-0.00375938,-0.03913835,0.02737654,0.01099142,0.002450529,-0.004755653,0.0282065,-0.006594383,0.00297902,0.007538027,0.01888979,0.009271598,-0.01402615,-0.005086128
taui_bay,taui,taui,153r,0.01888667,-0.06247521,-0.01025017,0.000217931,-0.0216491,0.00244038,-0.003638944,0.01121051,0.003145703,0.002425155,0.00817782,0.004035303,-0.01122188,0.01555663
shelikhova_bay,tumany,tumany,1r,-0.02246262,0.001473053,0.08219564,-0.02598057,0.02259008,-0.01650232,0.02424617,-0.004743361,-0.06310457,-0.02465601,-0.03961263,-0.03711667,0.01574973,-0.004334123
shelikhova_bay,tumany,tumany,5r,0.01988985,-0.01274351,0.01910781,0.01855381,-0.02275018,-0.01205279,0.003511513,0.004828392,0.002924449,0.01476898,-0.01464018,0.01127109,0.0191715,-0.01236305
shelikhova_bay,tumany,tumany,6r,0.009478252,0.02280772,-0.0007719983,0.02007268,0.01222719,0.001928152,0.00693796,-0.003562211,0.0002958178,-0.002898261,0.005831975,0.004323425,-0.006918789,0.00851529
shelikhova_bay,tumany,tumany,15r,-0.03033027,-0.03743243,-0.001732131,-0.02003712,-0.0253178,-0.03547684,-0.007107416,-0.01224233,-0.003824523,-0.01955056,-0.02517929,0.01927072,0.02167455,-0.003954021
shelikhova_bay,tumany,tumany,18r,0.09988062,0.0002673614,-0.02903889,-0.03237508,0.01586495,-0.01937841,0.0303437,0.02078044,-0.003064006,0.01118607,-0.006029625,0.007539551,-0.002260402,-0.003459232
shelikhova_bay,tumany,tumany,22r,0.01225421,-0.004662876,0.00447114,0.01445405,-0.007832962,0.009692217,0.01779984,-0.004107104,0.002605299,-0.02174227,0.006602467,-0.01577974,0.01738146,-0.006660691
shelikhova_bay,tumany,tumany,23r,-0.02245844,-0.01515505,0.01371671,0.02041142,0.02312046,-0.02737979,-0.008775049,0.01848507,-0.03183162,0.001399992,0.004932165,0.003073218,-0.002987242,0.01844812
shelikhova_bay,tumany,tumany,28r,0.06892453,0.02307394,-0.01320292,-0.003734196,0.003594739,-0.001779818,-0.00248049,-0.01792778,0.01046253,-0.02154067,-0.009910175,0.003744396,-0.002552575,0.01645637
shelikhova_bay,tumany,tumany,33r,-0.01657563,0.03153395,-0.005112071,-0.00173791,-0.008103894,0.006396861,0.02365014,0.02321988,0.01428488,-0.007876739,0.005394929,0.006158094,-0.0004345329,-0.01617882
shelikhova_bay,tumany,tumany,39r,-0.001878908,-0.0008525168,0.04445987,0.01263779,-0.01531264,-0.01468605,-0.009722945,0.02405993,-0.03063924,-0.01948844,-0.006040324,-0.001661219,0.0003176087,0.01510308
shelikhova_bay,tumany,tumany,41r,-0.006435463,-0.1223284,0.03718049,-0.02497012,-0.03030786,-0.006366937,0.009672117,-0.03014504,0.00836932,-9.971893e-05,-0.02360551,-0.01404102,-0.003404471,-0.01745386
shelikhova_bay,tumany,tumany,55r,-0.1382661,-0.02935909,-0.009878101,-0.0126907,0.04408704,0.04033735,-0.02450607,-0.008139584,-0.02388401,8.565432e-06,0.00203477,0.006809925,0.001962571,-0.01310061
shelikhova_bay,tumany,tumany,56r,-0.01463202,0.1592451,-0.01339767,-0.02051145,0.0331381,-0.001681852,0.0207958,-0.02119503,-0.0034598,0.02783181,0.002433887,0.01695759,-0.01135897,-0.004510205
shelikhova_bay,tumany,tumany,58r,0.1031265,0.03910413,-0.005620044,-0.0001184934,0.008396266,-0.005845249,-0.003748003,-0.02329813,-0.009180289,0.02006659,-0.01020946,0.01750429,-0.0027561,0.008049649
shelikhova_bay,tumany,tumany,63r,0.02129691,0.03089569,-0.01169167,0.0191492,0.006401987,-0.007195321,-0.01409833,0.0109231,0.001816124,-0.005113598,-0.003501796,-0.005326492,0.005895113,-0.0002569965
shelikhova_bay,tumany,tumany,67r,-0.01616456,-0.02513447,-0.02758539,0.01091154,-0.005253168,0.02830283,-0.01739169,-0.009864833,-0.002637478,0.001090191,-0.003352773,-0.01224125,-0.01210248,0.01104962
shelikhova_bay,tumany,tumany,72r,0.02123502,-0.002536997,0.02068071,0.01114365,0.01056941,0.01284334,0.01673432,0.02019858,0.001964468,0.01164409,-0.003067781,0.005580078,-0.01069144,0.005261337
shelikhova_bay,tumany,tumany,73r,0.02145065,0.003753752,0.01945861,-0.08395552,-0.03412614,-0.0004364496,-0.005302055,-0.02665346,-0.02283032,-0.02874004,-0.01235966,-0.0363974,0.0005325529,0.006976562
shelikhova_bay,tumany,tumany,75r,0.03389268,-0.02832699,0.07614727,0.008607082,-0.01815012,0.02383294,0.04541332,-0.001284418,-0.009917953,-0.01859869,0.009353657,0.01382883,0.01663307,-0.006799427
shelikhova_bay,tumany,tumany,76r,0.008944935,0.02298762,0.020261,-0.05804938,0.009839024,0.004322934,0.004070732,-0.03978417,0.01505172,-0.003327961,0.02523576,0.01979326,-0.01020952,-0.01387348
shelikhova_bay,yama,yama,5r,0.03997533,-0.03433315,0.04667794,0.05221793,0.02128001,-0.01227862,-0.01303201,-0.004662638,-0.02006078,-0.01602428,0.009559154,-0.001761375,-0.005067262,-0.001826645
shelikhova_bay,yama,yama,8r,0.0561554,0.01259297,-0.01911084,0.006525164,-0.004767684,0.002068449,0.01847577,0.001300902,0.005559913,-0.002460376,-0.003524862,-0.005016695,0.01008087,-0.01024048
shelikhova_bay,yama,yama,11r,-0.07064168,-0.03536733,0.01071645,0.02895296,0.0122326,-0.01627263,-0.002523632,0.004275379,-0.006702916,-0.01153262,-0.006573476,-5.655862e-05,-0.0183127,0.007405786
shelikhova_bay,yama,yama,15r,-0.02776342,-0.06415206,-0.008883106,0.00220105,-0.03604289,-0.02234043,-0.003499398,-0.007678234,0.006718446,0.03034116,-0.005345253,0.006320787,0.01153259,0.005571548
shelikhova_bay,yama,yama,20r,0.006850055,-0.03559583,-0.006070515,0.02220032,0.0198845,-0.009207851,-0.01293224,-0.02311622,0.002513375,0.008550616,-0.001123146,0.003301597,-0.005701661,0.00219768
shelikhova_bay,yama,yama,22r,0.01541307,-0.01387939,0.006684585,0.03207847,0.03042571,-0.01099799,-0.01092842,-0.001046965,0.003714956,0.001737873,0.005852695,0.01269259,-0.00260433,-0.0005358035
shelikhova_bay,yama,yama,32r,0.05871575,-0.003850525,0.007648409,-0.01083269,-0.01177055,-0.00718129,0.002733105,-0.005849485,-0.03218067,0.00299438,0.01804452,0.009907169,0.01333628,0.00691299
shelikhova_bay,yama,yama,34r,-0.007991174,0.01141463,0.03015152,0.01418397,0.01308677,-0.01268696,-0.03283416,0.00244999,0.01714412,-0.005087989,0.03026075,-0.009585184,0.01832524,-0.007152474
shelikhova_bay,yama,yama,36r,-0.008309991,0.05360272,0.06156313,-0.007165944,-0.01414484,0.01283077,-0.007999009,-0.002442134,-0.01771859,-0.02048265,0.002006417,-0.005642755,0.01413536,-3.596778e-05
shelikhova_bay,yama,yama,37r,0.09021395,-0.08280532,0.02976088,-0.02572792,-0.01818626,-0.002964109,-0.0112409,0.01516428,-0.03396229,0.01331359,0.002392475,-0.02882269,0.003785742,-0.01319673
shelikhova_bay,yama,yama,38r,-0.01236752,-0.01226298,0.01603627,0.0003732403,-0.01797026,-0.03851537,-0.01366406,0.04849251,-0.01656661,0.01219645,0.009676694,-0.002835339,-0.0002130528,-0.002233603
shelikhova_bay,yama,yama,39r,0.05470379,-0.008333398,-0.04651156,0.002528782,0.004303154,0.005653653,0.01375301,-0.01003255,0.02318869,0.005079463,-0.009784536,-0.01366351,-0.001709219,-0.004434281
shelikhova_bay,yama,yama,41r,0.02628696,0.04192437,-0.02929741,-0.01209569,-0.009357389,-0.00154566,-0.008346903,0.005549678,-0.002045912,0.003699013,-0.00736068,0.02290474,-0.009371691,0.01440444
shelikhova_bay,yama,yama,42r,0.1021563,0.02540161,-0.03836624,-0.05190019,0.01559432,-0.002893118,0.01109056,-0.01095182,-0.0215357,0.003045229,-0.01520998,0.002453346,0.01278895,-0.002489343
shelikhova_bay,yama,yama,44r,-0.07139439,0.04128797,-0.03584927,0.002735895,0.03598375,-0.01414826,0.004585433,-0.007083743,-0.0101301,0.01536286,0.004682436,-0.00889865,0.0007724434,-0.00286124
shelikhova_bay,yama,yama,50r,-0.01843403,0.005835521,-0.007037082,0.004912721,0.01933888,0.001395052,0.01913883,-0.002879604,0.01693456,-0.00386622,0.003299249,-0.01097816,-0.01284605,0.0159482
shelikhova_bay,yama,yama,154r,-0.0231189,-0.0006378668,-0.01393074,0.01937637,-0.01184364,-0.009457773,-0.000814443,-0.008418957,-0.007044493,-0.007744719,0.01253689,0.005102921,0.01708915,0.00166139
shelikhova_bay,yama,yama,157r,0.01458788,-0.01601844,-0.02665941,0.02335733,-0.002096167,-0.005610192,-0.004912606,0.025287,0.009917837,-0.0005608396,-0.01682357,0.01412852,-0.001788091,-0.005646302
shelikhova_bay,yama,yama,160r,0.0504973,0.008257238,0.05285598,-0.02887518,-0.01833072,0.003797622,-0.04579211,-0.006460846,0.00989223,-0.01504965,0.02027306,-0.03186019,-0.01268896,0.00945254
shelikhova_bay,yama,yama,178r,0.01911675,0.04120087,0.06486335,0.01763227,0.0007394824,0.0286726,0.01755478,0.02919384,-0.01191703,-0.0007944152,0.01975742,-0.003727754,-0.01467536,0.001810994
shelikhova_bay,yama,yama,190r,0.01458625,0.06788216,-0.03594548,-0.006245457,-0.01189301,0.02526229,-0.03906348,0.0011063,0.001325353,0.008838949,-0.01398535,-0.01320292,1.730396e-05,-0.00127342
shelikhova_bay,yama,yama,192r,0.063413,-0.02003265,0.04049621,-0.01132995,0.01337082,-0.02683333,0.005151315,0.009314671,-0.03034945,-0.0006207898,0.0152157,-0.0008589215,-0.01088092,0.00667596
shelikhova_bay,yama,yama,195r,-0.006861505,0.01799328,0.03416288,0.03218214,0.01645243,0.01228582,0.007483244,0.0002939611,-0.02252625,-0.007450464,-0.001496546,0.005222716,0.00172385,-0.004273719
shelikhova_bay,yama,yama,197r,0.03539755,-0.04919321,0.006348086,-0.01316363,-0.009432383,0.009512087,0.007911687,0.007917977,-0.01201526,-0.02305948,0.005203491,0.01199802,-0.01827502,0.003283085
shelikhova_bay,yama,yama,810r,0.00630298,-0.006351781,-0.005295048,0.02936174,0.01298726,0.005060599,0.01347533,-0.00382167,-0.005997221,-0.004158435,-0.007282173,-0.008895638,0.001777382,0.008345924
shelikhova_bay,yama,yama,813r,0.02072426,0.04846325,0.03261638,-0.01935298,0.0006939142,-0.03264182,-0.005212327,-0.04196083,-0.02702037,0.006329594,0.004687387,0.01630613,0.004347294,-0.004536959
shelikhova_bay,yama,yama,819r,-0.05275805,0.05540033,-0.001197604,0.01922918,-0.02596407,0.03767067,-0.009609334,0.006495311,0.008245593,-0.01374516,0.006523765,-0.006546818,0.009587247,-0.008330468
shelikhova_bay,yama,yama,836r,0.01220395,0.007008458,0.03825976,0.03259988,-0.0007790248,-0.001917907,0.00172764,-0.01757923,-0.002783063,0.01542842,-0.01783441,0.01355511,0.006698097,0.002304895
shelikhova_bay,yama,yama,840r,-0.08879434,0.07277012,0.01947193,0.008519881,0.0009721698,-0.02435651,0.01887145,0.002690957,-0.005948085,-0.007278827,-0.02416648,-0.01253562,-0.02306373,-0.01976602
shelikhova_bay,yama,yama,848r,0.01790019,0.06082794,0.02016167,0.01297627,0.01420059,0.01209575,0.01719142,0.01748728,-0.007584444,-0.0004602069,-0.001275287,-0.01047774,0.0163621,-0.002787051
taui_bay,yana,yana,2r,-0.01425731,-0.06127579,0.04909328,0.007977196,-0.01606506,0.03003594,0.02548792,-0.002459433,-0.004628316,0.001726995,-5.875904e-06,-0.006230408,-0.004669794,0.007332748
taui_bay,yana,yana,5r,-0.1138824,-0.002926744,-0.01256202,0.003378063,0.05212313,0.02642426,-0.007963056,-0.003433571,-0.02050948,0.000197165,-0.0007762988,-0.007381545,-0.00521441,-0.02055689
taui_bay,yana,yana,7r,0.01181291,0.04103097,-0.05171113,0.008961622,-0.01247023,0.02696418,-0.03684068,-0.0070535,-0.01121485,0.04099465,-0.01639644,-0.004771052,-0.009436211,0.009440383
taui_bay,yana,yana,8r,0.01467668,0.002644153,-0.03330002,0.01535385,-0.001318122,0.009070943,0.002410383,-0.009824229,0.008973613,-0.009907676,0.001955932,-0.001416828,0.01712268,0.003576632
taui_bay,yana,yana,15r,-0.02966218,0.04293645,0.0139202,0.007109493,-0.008333397,-0.0008865246,0.04834319,0.00845825,0.0137602,0.01548822,0.009352997,0.006748118,0.01820144,-0.0092148
taui_bay,yana,yana,17r,-0.08070769,0.03400725,0.01072541,0.008216446,0.03062345,-0.01237683,0.0206531,-1.600973e-05,0.00196548,0.01086035,-0.01057593,0.0004108635,0.001974942,0.007536706
taui_bay,yana,yana,21r,-0.01495649,0.03156429,0.008600622,0.02775989,0.00838466,-0.03812486,0.01313108,-0.007105881,-0.002510625,0.009093548,-0.007583896,-0.01938134,0.008763213,-0.01216663
taui_bay,yana,yana,24r,0.03707137,-0.02575213,-0.01709956,0.01872019,0.01435082,0.004908694,-0.001224281,0.004356749,-0.01376157,0.0005432923,0.001912176,-0.003488923,-0.01637471,0.004484954
taui_bay,yana,yana,25r,0.01649984,-0.0234463,0.001551537,0.01637543,-0.02857543,-0.007583378,0.008962069,-0.0005858317,0.01472167,0.007882896,-0.0126765,-0.004932333,-0.000647463,0.001963056
taui_bay,yana,yana,27r,0.003748465,0.0481652,-0.02407832,-0.001567164,-0.005677567,-0.01371656,0.02447125,0.01325508,0.01775721,-0.0004898486,-0.002976603,0.002649229,-0.003127128,-0.001509303
taui_bay,yana,yana,32r,0.007377835,0.02218111,-0.01751244,0.01346326,0.005139779,-0.009526318,0.01108382,-0.03423666,0.009648625,-0.0009866829,-0.01121422,-0.0002685492,-0.001588993,0.01152892
taui_bay,yana,yana,40r,-0.0561063,-0.03315517,0.03255355,0.001393942,0.01300156,-0.0002282403,0.005279848,0.00867151,0.002056281,0.02105457,-0.03214222,-0.002910824,-0.02086466,0.01459647
taui_bay,yana,yana,44r,-0.01086186,-0.0412824,-0.02331487,0.01869599,-0.005063906,-0.01009621,-0.02547925,-0.003831037,0.004819387,-0.0001186807,0.001564274,0.002912084,-0.005442413,0.01695269
taui_bay,yana,yana,50r,-0.002502509,-0.07866098,-0.0002734184,0.02724006,-0.03223026,-0.03222081,-0.023798,0.0235398,0.002924463,0.03662345,0.006304462,0.002337682,0.003952406,-0.01347345
taui_bay,yana,yana,51r,0.06519816,-0.1060203,0.02812828,-0.03877186,-0.02163611,-0.004069579,0.01561581,-0.01420748,-0.01997461,0.0007658746,-0.01409546,0.01052747,-0.007141799,0.00303939
taui_bay,yana,yana,54r,-0.1086892,-0.04612002,0.01309118,-0.01215468,-0.02320061,-0.01368848,0.01509132,-0.007781896,0.005217084,-0.007331468,0.009194802,0.01761895,0.01468233,0.02147381
taui_bay,yana,yana,56r,-0.03315997,0.05265228,0.02780005,0.01276698,-0.0474061,0.05645247,0.006449139,0.02294744,-0.000386285,-0.002179539,-0.01560226,-0.002335556,-0.02159444,0.01367806
taui_bay,yana,yana,58r,-0.01974081,0.04257662,-0.03872915,-0.01260794,-0.02407595,-0.03525835,0.01576,0.0127604,0.01521759,0.01381983,0.003893514,0.008593747,0.008697775,-0.007536922
taui_bay,yana,yana,64r,-0.0004261248,0.05234258,0.01150081,0.01499954,-0.00544299,0.002997638,-2.222013e-05,0.007153231,-0.003980447,-0.006739043,0.0134411,0.005344999,0.001297896,-0.0002965382
taui_bay,yana,yana,67r,-0.05921056,-0.02984015,0.004393904,-0.002234676,0.01597462,0.0201728,0.03132506,0.00977525,0.01859205,0.009631203,-0.009585474,-0.0003668195,0.001069779,0.02076847
taui_bay,yana,yana,70r,0.01452495,-0.02022796,-0.003589548,0.009817901,0.007282767,-0.003593673,0.01771646,0.006739784,0.005771845,-0.005647395,0.01290194,0.007651652,-0.005353161,0.001221882
taui_bay,yana,yana,72r,-0.03774125,-0.02911561,-0.01203606,0.01703955,0.02061716,0.001546855,0.02523364,-0.004527845,-0.01179839,-0.02095669,-0.01107713,-0.01232978,-7.380469e-05,-0.01942335
taui_bay,yana,yana,79r,-0.064166,-0.005844855,0.02714772,0.002129787,0.02331108,-0.01943193,-0.002038847,-0.01966708,-0.02218178,0.01192712,0.0141169,-0.001600749,0.007544781,0.005457143
taui_bay,yana,yana,81r,0.04061594,0.004842325,-0.03588481,0.009228147,0.004325063,0.01756173,-0.002891948,-0.01197836,-0.01374239,-0.01566113,-0.006431374,0.002333377,0.007790243,-0.01842194
taui_bay,yana,yana,88r,0.01360124,-0.01730081,-0.01080766,0.01180992,-0.02030082,0.01735693,-0.008852254,-0.005789802,-0.004540314,-0.01012402,-0.006536986,-0.01206406,-0.003520944,-0.002502506
taui_bay,yana,yana,93r,-0.05700423,0.03053192,0.02840955,-0.0504756,-0.01761637,0.001586134,-0.006852954,0.005197181,0.0008118262,-0.03082689,0.01815908,0.02360564,-0.02168241,-0.02527174
taui_bay,yana,yana,95r,-0.07936954,0.06020003,0.05665227,0.04001908,-0.0101895,-0.002972497,-0.006703156,0.001205688,-0.004577565,0.001513245,-0.002540509,-0.01146345,0.01736918,0.01273677
taui_bay,yana,yana,98r,-0.003917036,0.04044424,0.08077186,-0.05278298,-0.04874744,0.02566859,-0.05290373,-0.02025129,-0.02839396,0.01706853,0.00666801,-0.001711784,-0.01356459,-0.002778991
taui_bay,yana,yana,101r,0.055971,-0.01655767,-0.0138865,-0.03359683,-0.01668582,0.0003291399,-0.00895037,-0.01517635,-0.01631996,-0.0271228,-0.003505883,-0.01744503,-0.008519396,-0.009230663
taui_bay,yana,yana,103r,0.009349753,0.001001725,-0.01513804,0.01789505,-0.02472544,0.01507892,0.008122466,0.01220432,0.01282499,0.01882811,0.004570515,0.01208133,-0.001233855,-0.0207049
